{
	"credit": "Made with Blockbench",
	"texture_size": [64, 64],
	"textures": {
		"0": "block/texture",
		"1": "block/texture",
		"particle": "block/texture"
	},
	"elements": [
		{
			"from": [4.5, 9, 4],
			"to": [11.5, 19, 12],
			"rotation": {"angle": 0, "axis": "x", "origin": [8, 4, 8]},
			"faces": {
				"north": {"uv": [2, 6.5, 3.75, 9], "texture": "#0"},
				"east": {"uv": [0, 6.5, 2, 9], "texture": "#0"},
				"south": {"uv": [5.75, 6.5, 7.5, 9], "texture": "#0"},
				"west": {"uv": [3.75, 6.5, 5.75, 9], "texture": "#0"},
				"up": {"uv": [3.75, 6.5, 2, 4.5], "texture": "#0"},
				"down": {"uv": [5.5, 4.5, 3.75, 6.5], "texture": "#0"}
			}
		},
		{
			"from": [4, 10, 3.5],
			"to": [12, 12, 12.5],
			"faces": {
				"north": {"uv": [2.25, 2.25, 4.25, 2.75], "texture": "#1"},
				"east": {"uv": [0, 2.25, 2.25, 2.75], "texture": "#1"},
				"south": {"uv": [6.5, 2.25, 8.5, 2.75], "texture": "#1"},
				"west": {"uv": [4.25, 2.25, 6.5, 2.75], "texture": "#1"},
				"up": {"uv": [4.25, 2.25, 2.25, 0], "texture": "#1"},
				"down": {"uv": [6.25, 0, 4.25, 2.25], "texture": "#1"}
			}
		},
		{
			"from": [2.5, 16, 4],
			"to": [9, 26, 12],
			"rotation": {"angle": 22.5, "axis": "z", "origin": [8, 23, 8]},
			"faces": {
				"north": {"uv": [2, 2, 3.5, 4.5], "texture": "#0"},
				"east": {"uv": [0, 2, 2, 4.5], "texture": "#0"},
				"south": {"uv": [5.5, 2, 7, 4.5], "texture": "#0"},
				"west": {"uv": [3.5, 2, 5.5, 4.5], "texture": "#0"},
				"up": {"uv": [3.5, 2, 2, 0], "texture": "#0"},
				"down": {"uv": [5, 0, 3.5, 2], "texture": "#0"}
			}
		},
		{
			"from": [3.8, 7.8, 2.8],
			"to": [13.2, 10.2, 13.2],
			"rotation": {"angle": 0, "axis": "x", "origin": [8, 4, 8]},
			"faces": {
				"north": {"uv": [7.5, 4.5, 9.75, 5], "texture": "#0"},
				"east": {"uv": [5, 4.5, 7.5, 5], "texture": "#0"},
				"south": {"uv": [12.25, 4.5, 14.5, 5], "texture": "#0"},
				"west": {"uv": [9.75, 4.5, 12.25, 5], "texture": "#0"},
				"up": {"uv": [9.75, 4.5, 7.5, 2], "texture": "#0"},
				"down": {"uv": [12, 2, 9.75, 4.5], "texture": "#0"}
			}
		}
	],
	"display": {
		"thirdperson_righthand": {
			"rotation": [-35, -4, -1],
			"scale": [0.57, 0.58, 0.58]
		},
		"gui": {
			"translation": [0, -6.75, 0]
		},
		"head": {
			"rotation": [4, 0, 0],
			"translation": [0, 4.5, 0],
			"scale": [1.6, 1.6, 1.6]
		},
		"fixed": {
			"translation": [0, -7.5, -5]
		}
	}
}